time,seconds_elapsed,z,y,x
1761469005998354700,0.119354736328125,2.0631793152421714,0.7624765102617442,-0.70959729911983
1761469006008336600,0.129336669921875,1.3467249898344278,0.9308484789773821,-0.6674290132150054
1761469006018319600,0.139319580078125,0.5033709621757269,0.9323363794475793,-0.5839984503343701
1761469006028302600,0.149302490234375,0.4328402128785848,0.7367131234519183,-0.36022768887132406
1761469006038285800,0.159285888671875,0.9442325689464807,0.8485811146572232,-0.7288342067703605
1761469006048268500,0.1692685546875,1.3070844688415526,0.5918527440313249,-0.8847638964116573
1761469006058251500,0.17925146484375,0.8661112183898687,0.4419733674049377,-0.7988385941058397
1761469006068234800,0.18923486328125,0.7317606156110763,0.39150530905798075,-0.39040889212340113
1761469006078217700,0.1992177734375,0.4845072717517614,1.175019346651435,0.2922749733686447
1761469006088200400,0.209200439453125,0.7221113282561302,2.355937103691697,0.8679799348711967
1761469006098183700,0.21918359375,1.6203467006593941,2.5609844599843026,1.5364824225366114
1761469006108165600,0.22916552734375,2.1512737782806157,2.413076748757064,2.041429840248823
1761469006118148600,0.239148681640625,1.9048001866221427,1.796185498124361,1.8744266756683587
1761469006128131600,0.249131591796875,0.980454221406579,1.0980009889006614,1.401033503127098
1761469006138114800,0.25911474609375,0.3759259010016918,0.5993517945498228,0.9594076339855789
1761469006148097500,0.26909765625,-0.19242168347537517,0.11028952637482434,0.6994701651200652
1761469006158080500,0.27908056640625,-0.47019174615144727,-0.3164237645886838,0.46291006471067664
1761469006168063700,0.289063720703125,-0.3725006027281284,-0.4845615226896479,-0.2614452430799603
1761469006178046700,0.299046630859375,0.16943886729478835,-0.4267661901945248,-1.1349281592816114
1761469006188029400,0.309029541015625,0.819086432364583,-0.1078252186205238,-1.0453197845488786
1761469006198011600,0.31901171875,1.235557109722495,0.7274559772197157,-0.15137889446914196
1761469006207994600,0.32899462890625,-0.2225181310534477,2.091285173524916,0.968564753909409
1761469006217977600,0.3389775390625,1.8153022865265607,-0.920436390556395,2.395842120839655
1761469006227960600,0.348960693359375,-1.785937075832486,-0.0004193213906139135,2.12057673446089
1761469006237943600,0.358943603515625,-2.0715707114905118,0.0178365393333137,1.2778478529632091
1761469006247926800,0.3689267578125,0.4326286159545183,-0.7937127755247056,1.1429515990003942
1761469006257909500,0.378909423828125,1.7717805401861666,-0.5781133378185331,0.9605430677562952
1761469006267892500,0.388892578125,1.1166232717841862,-0.3433547338731587,0.8864812217235565
1761469006277875700,0.398875732421875,1.280761110061407,-0.5688663476541638,1.3204507308930158
1761469006287858700,0.408858642578125,1.4196131159126757,-0.26979630731791254,1.7416864306956528
1761469006297840600,0.418840576171875,-0.06697568716406822,-0.12324161813482641,1.4031208307951688
1761469006307823600,0.42882373046875,-1.6028671580702065,-0.4197831629067659,0.5215893404334784
1761469006317806800,0.438806884765625,-2.851237572136521,-0.7658680523961782,-0.217498841586709
1761469006327789600,0.44878955078125,-3.069471742260456,-1.266645637077838,-0.018849661898612976
1761469006337772500,0.4587724609375,-3.5498084503293037,-1.6247158556543289,0.6387877328813075
1761469006347755800,0.468755859375,-2.8259079005688426,-1.778606732944399,1.265098846027255
1761469006357738800,0.47873876953125,-1.7024153275370597,-1.7190126804642378,1.2664935152560473
1761469006367721500,0.488721435546875,-2.7767314894676205,-1.8090403035223483,1.1710738238960503
1761469006377704700,0.49870458984375,-5.072475113481283,-2.2830291038691994,0.9765379247456788
1761469006387686700,0.508686767578125,-6.247878491014242,-1.571104092454165,1.2732137634217737
1761469006397669600,0.518669677734375,-4.5995548191487785,-0.5432349166609347,0.8987211100935936
1761469006407652600,0.528652587890625,-1.457880594986677,-0.15808774445801974,0.5027449392318726
1761469006417635600,0.538635498046875,1.3421838392734526,-0.2808542924270034,0.07515431744456291
1761469006427618800,0.548618896484375,2.317301375827193,-0.7042889635786413,-0.33772271933555603
1761469006437601500,0.5586015625,1.4110475321412086,-1.016844216170907,-0.7316711837619543
1761469006447584500,0.56858447265625,0.6929004313409328,-0.8722741249337792,-0.960940542641282
1761469006457567700,0.578567626953125,0.06729366707205772,-1.143493158531189,-0.7028109999805688
1761469006467550500,0.588550537109375,-0.123735685262084,-1.4052926218762993,-0.16937690797448157
1761469006477532700,0.59853271484375,-0.900877995866537,-0.9865256502747535,-0.0035147301226854323
1761469006487515600,0.608515625,-1.9347429049432276,-0.4151619328469038,-0.006132219144701957
1761469006497498600,0.61849853515625,-2.9286159953713415,0.07460925078243016,-0.0449035560876131
1761469006507481600,0.628481689453125,-3.1333453717559574,0.12446283049285412,-0.16670330485105514
1761469006517464600,0.638464599609375,-1.8945190311044453,0.16154519143551588,0.6072837565928697
1761469006527447000,0.648447021484375,-0.8867647148400545,0.2976405920550227,0.6797814220488071
1761469006537430000,0.658429931640625,-0.48295478161275385,0.31356969033181664,0.2737836233884096
1761469006547413000,0.6684130859375,-0.1191653086066246,0.15393793130218983,-0.17806231873333453
1761469006557396000,0.67839599609375,-0.2845674677312374,0.05591682527214288,-0.9594178631186485
1761469006567379000,0.68837890625,-0.7023340301185846,0.10245850395560265,-1.3505302273362874
1761469006577361200,0.698361083984375,-0.3881470846712589,0.025301614516973495,-0.8071545870304108
1761469006587344000,0.70834375,2.8336335263848302,0.05917787289470434,-0.11964169394671917
1761469006597327000,0.7183271484375,4.102866111215949,0.134599316842854,-0.572661356022954
1761469006607310000,0.72831005859375,-5.645166280120611,-0.133390817835927,-1.6053461154043673
1761469006617293000,0.73829296875,-2.2167618572354315,-0.18002631228268146,-0.49640112316310403
1761469006627276000,0.748276123046875,0.6569149257242679,-0.2765954659387469,-0.045964463317394254
1761469006637259000,0.758259033203125,2.1419892325848338,-0.12612696431279183,-0.05181669647693634
1761469006647242000,0.768241943359375,-1.4705676426023244,0.18786182821393013,-0.1908861444711685
1761469006657225200,0.77822509765625,-2.0604443373203276,0.2843175846233964,-0.160164842993021
1761469006667207000,0.78820703125,-0.9751151984661817,0.07518091319054365,-0.2752045961022377
1761469006677190100,0.798190185546875,0.1743997045725584,-0.017317337764799594,-0.4112970741122961
1761469006687173000,0.808173095703125,0.40836218970417976,-0.013921557846665381,-0.1335001234292984
1761469006697155800,0.81815576171875,0.5432675037562846,-0.2158528279453516,0.3428758643150329
1761469006707139000,0.82813916015625,0.6792898391395806,-0.42097558756172654,0.677467299887538
1761469006717122000,0.8381220703125,0.487048188406229,-0.3799257842928171,0.4563432535409927
1761469006727105000,0.84810498046875,0.021554829204082488,-0.5072673850923777,0.05477905341386795
1761469006737088000,0.858087890625,-0.3295230462670326,-0.5355529838562011,-0.11754618297219276
1761469006747071000,0.868071044921875,-0.35154315489530563,0.03968932857066393,0.03518646419346332
1761469006757053200,0.87805322265625,-0.11869593752920626,0.41686493737250563,0.13269056061208248
1761469006767036000,0.888035888671875,0.1830576428025961,0.5279369558945298,0.09446282902657985
1761469006777019100,0.89801904296875,0.27740649006068707,0.2679495104074478,-0.009876666370034218
1761469006787002000,0.908002197265625,0.3520399985015392,-0.19967209299504757,0.07866729400157928
1761469006796985000,0.917985107421875,0.27107962512671946,-0.12501491141766308,0.1017541550785303
1761469006806968000,0.927968017578125,0.5291366870731115,-0.24681466018110512,0.0021837737798690794
1761469006816951000,0.937950927734375,0.6632581572711468,-0.3131760148391127,-0.056989130678772926
1761469006826934000,0.94793408203125,0.47735213930010795,-0.2449357145667076,-0.027979893815517423
1761469006836917200,0.957917236328125,0.04685176754593849,0.0069368135258555405,-0.03888414966762066
1761469006846900000,0.96789990234375,-0.30402444787323474,0.28032091620266436,-0.14292787698805332
1761469006856882200,0.977882080078125,-0.2309627187937498,0.5357172345072031,-0.08389467326104641
1761469006866865200,0.987865234375,-0.27819968626499175,0.42319940109103915,-0.009910568639636038
1761469006876847900,0.997847900390625,-0.12660977939367293,-0.12744184630364178,-0.14102701180279253
1761469006886831000,1.0078310546875,0.3680921386361122,-0.07349193719029426,-0.23936054478287697
1761469006896814000,1.01781396484375,1.0751543663203715,1.1736682243034242,-0.238638660249114
1761469006906797000,1.027797119140625,0.7714934910625219,0.6224433318018913,0.14332768996059894
1761469006916780000,1.037780029296875,0.15324059668779372,-0.31293782216906546,0.3072849109739065
1761469006926763000,1.047762939453125,0.06568389378786087,-0.27294220412820575,0.05861351701021194
1761469006936746200,1.057746337890625,0.06842997762560844,-0.08728577700406312,-0.09710194535851478
1761469006946728000,1.06772802734375,0.13519699047505854,0.05441168140619993,-0.09572013561129569
1761469006956711200,1.077711181640625,0.19610884755551813,0.11022183143347501,-0.14644319163262842
1761469006966694100,1.087694091796875,0.12432254523932933,0.02342383794635534,-0.23300386923253535
1761469006976676900,1.0976767578125,0.06085983463227748,-0.13160598024576903,-0.3312672595858574
1761469006986660000,1.10766015625,-0.06560206072330474,-0.051859074313938616,-0.24674188720583914
1761469006996643000,1.11764306640625,-0.1118804122954607,0.1057405943661928,-0.05769757120907306
1761469007006626000,1.1276259765625,-0.07415946118831634,-0.016158230857551095,-0.07903495827019213
1761469007016609000,1.137609130859375,0.06643091276288032,0.061439095824956894,-0.13527590093016623
1761469007026592000,1.147592041015625,0.25307693544626236,-0.019868775813281534,-0.12462825018763542
1761469007036574200,1.15757421875,0.2737579044252634,0.009438567213714123,-0.2161357365399599
1761469007046557000,1.167556884765625,0.33929800582826136,-0.062035308152437206,-0.23982582420706747
1761469007056540000,1.177539794921875,0.16336568486094474,0.009130231916904449,-0.19736440057456492
1761469007066523100,1.187523193359375,0.09079729225635529,0.1357198453053832,-0.023091537252068518
1761469007076506000,1.197506103515625,-0.1434726513892412,0.07767273000627756,0.004691372686624526
1761469007086489000,1.207489013671875,-0.23146482309699057,0.11332593492865561,0.010348960056900978
1761469007096472000,1.21747216796875,-0.12640870386362074,0.044940380966663356,-0.05006313080787658
1761469007106455000,1.227455078125,0.06269698693156242,0.3500517472937703,-0.2457248191177845
1761469007116438300,1.237438232421875,0.017882862693071364,0.03362725205272436,-0.04745733222365379
1761469007126420000,1.247419921875,-0.04587035529315471,-0.1679883762255311,0.09317921895682811
1761469007136403200,1.2574033203125,0.12058452775478362,0.09723872348070144,-0.009390344157814978
1761469007146386200,1.26738623046875,0.09809913970232009,0.06875263370871544,0.10930150171816348
1761469007156369000,1.277368896484375,0.1313958446264267,0.026190380050241945,0.08277472932040691
1761469007166352100,1.28735205078125,0.005339022940397262,0.041161446949839586,-0.0339326647400856
1761469007176335000,1.297335205078125,0.03901215996146202,-0.0270420284435153,-0.07123802078366279
1761469007186318000,1.307318115234375,-0.05176993472576141,0.14907529370188713,-0.0529424856364727
1761469007196301000,1.317301025390625,0.0459188706099987,0.07186901216357947,-0.00517009611427784
1761469007206284000,1.327283935546875,0.09236030378937721,-0.06839023013710975,-0.08930793048143386
1761469007216266200,1.337266357421875,0.09826339035332202,-0.03287526464164257,-0.19228841248452663
1761469007226249000,1.3472490234375,0.126846510758996,-0.03488835802972316,-0.2403074702441692
1761469007236232000,1.35723193359375,0.1072837321549654,-0.016366028389334677,-0.27749416834414004
1761469007246215200,1.367215087890625,0.13392156371176242,0.06283668766319751,-0.286503988751769
1761469007256198000,1.377197998046875,0.18701894764900207,0.1792731558278203,-0.25714111614525315
1761469007266181000,1.38718115234375,0.23681027577817437,0.27145488817989827,-0.06889058087468147
1761469007276164000,1.3971640625,0.17901918106675146,0.02283931605666876,-0.13640811983048914
1761469007286147000,1.40714697265625,0.19397242004871368,0.05451309595406055,-0.1343190385967493
1761469007296130000,1.417130126953125,0.1965951697677374,0.1752726880148053,0.08971008154153823
1761469007306112000,1.427112060546875,0.27835867621898647,0.3329161958366632,0.25694647035598756
1761469007316095200,1.43709521484375,0.4065191921859979,0.5803463575676083,0.5319663575410842
1761469007326078000,1.447077880859375,0.21237141557037828,0.12681406979411838,0.20588205355107783
1761469007336061000,1.45706103515625,-0.031215806996822356,0.036759704859554765,-0.0749848060965538
1761469007346044200,1.467044189453125,-0.12838204976320267,-0.05659750101268291,-0.17724691069722173
1761469007356027100,1.477027099609375,-0.021227496945858,-0.12284282807558775,-0.1489098740071058
1761469007366009900,1.487009765625,0.08907879790067673,-0.1400815476462245,-0.2150683995693922
1761469007375993000,1.4969931640625,0.02131517522931099,-0.22213439243286848,-0.24100305129289626
1761469007385976000,1.50697607421875,-0.12699673288464544,-0.25295564715415236,-0.2154652899324894
1761469007395958000,1.5169580078125,-0.11443418843150138,-0.29507950939536093,-0.21605857965052128
1761469007405941000,1.52694091796875,-0.0603711743324995,-0.3248366420164704,-0.3189876237273216
1761469007415924000,1.536924072265625,-0.1531722076267004,-0.18291385041773317,-0.27397359300255775
1761469007425907200,1.5469072265625,-0.011851765835285187,-0.23770400974750516,-0.2709785028398037
1761469007435890000,1.556889892578125,0.017661913418769836,-0.20934739157408475,-0.1680769312918186
1761469007445873000,1.566872802734375,0.007781155395507812,-0.1538540524110198,-0.14467676648199557
1761469007455856000,1.576856201171875,-0.07787994301617145,-0.10670651678889989,-0.1651584134966135
1761469007465839000,1.586839111328125,-0.15684008248448372,-0.06649696373641491,-0.18531623538434505
1761469007475822000,1.596822021484375,-0.13301146312952042,-0.0013107903376221655,-0.1659375811755657
1761469007485804000,1.606803955078125,-0.11122282516956329,-0.023987901569902895,-0.18518530248105525
1761469007495787300,1.616787353515625,-0.14073825798928738,-0.02481120065152645,-0.26165537869930267
1761469007505770000,1.62677001953125,-0.13143559211492536,0.0023410101681947708,-0.2922299651831388
1761469007515753000,1.6367529296875,-0.14439502693116665,0.011130758084356785,-0.3007441110283136
1761469007525736400,1.646736328125,-0.17652677972912786,0.0830535462617874,-0.28400749576091766
1761469007535719700,1.6567197265625,-0.1899193452656269,0.11465893709808588,-0.23783494265079497
1761469007545702700,1.66670263671875,-0.16026245814859866,0.17190701097398994,-0.18894494727551936
1761469007555685600,1.676685546875,-0.1349076521396637,0.1066404658153653,-0.17156944958269596
1761469007565668600,1.686668701171875,-0.02968845129907131,0.02988923456817865,-0.2741284913033247
1761469007575650800,1.69665087890625,-0.24751988584101198,0.18294073842465877,-0.19630115525722502
1761469007585633500,1.706633544921875,-0.2558113288462162,0.050342240010201926,-0.11033727450668811
1761469007595616500,1.716616455078125,-0.04841770168840885,0.008525251761078835,-0.24220015212297438
1761469007605599700,1.726599853515625,-0.04952361710369586,-0.0292030058696866,-0.23264205018281936
1761469007615582700,1.736582763671875,-0.033519992285966874,-0.11030687936842441,-0.17578735953867433
1761469007625565400,1.7465654296875,0.1338438223004341,-0.08782587523013353,-0.20150573816299439
1761469007635548700,1.756548583984375,0.09430793072581291,-0.09263239872902632,-0.12374036143720149
1761469007645531600,1.76653173828125,0.02876607575714588,-0.07723258502334356,-0.05923311021327972
1761469007655514600,1.7765146484375,0.04219546617269516,0.04265811524838209,0.0471346761405468
1761469007665496600,1.78649658203125,0.03973930519223213,0.03248334271460771,0.03345627939999103
1761469007675479600,1.7964794921875,-0.053615854853391647,0.0015405074402689933,-0.1404500886976719
1761469007685462800,1.806462890625,0.19900339995324612,0.1914247813925147,0.09264145881831645
1761469007695445500,1.816445556640625,-0.044859716945886606,0.22719547521471975,0.16145838993489742
1761469007705428500,1.826428466796875,-0.04465864141583442,0.04371142369359731,-0.09271627762019634
1761469007715411700,1.83641162109375,-0.06869535056352614,0.045291094100475306,-0.0973755016028881
1761469007725394700,1.846394775390625,-0.056282443714141844,-0.015326748469471931,-0.08168401147425174
1761469007735377700,1.856377685546875,-0.00874853912293911,0.008423252691328525,-0.05640577783286571
1761469007745359600,1.866359619140625,0.046258477827906604,-0.019542904859781263,-0.03070318129956722
1761469007755342800,1.8763427734375,0.06836918734908104,-0.017398878568410873,-0.07872165453732013
1761469007765325600,1.88632568359375,0.040544191834330556,-0.017580957137048242,-0.1070657054901123
1761469007775308500,1.89630859375,0.07888941231966018,-0.024902093805372713,-0.10916706168353557
1761469007785291800,1.906291748046875,0.08577858731150627,-0.08297229771912097,-0.131111766988039
1761469007795274800,1.916274658203125,-0.022432781082391738,-0.032583588218688966,-0.16229893241226673
1761469007805257500,1.926257568359375,-0.028698855739831924,-0.1146031152576208,-0.05839432130157947
1761469007815240700,1.93624072265625,-0.05110591785907745,-0.022995967923104762,-0.05443360097706318
1761469007825223700,1.9462236328125,-0.008148235142230988,-0.09043050477057694,-0.0016635492980480193
1761469007835205600,1.95620556640625,0.09002338527441024,-0.14952040712088346,-0.14659458280205725
1761469007845188600,1.966188720703125,0.06987257764935494,-0.2383388005197048,-0.21403905652165411
1761469007855171600,1.976171630859375,-0.03743745799064636,-0.2371457913428545,-0.24969080013930797
1761469007865154800,1.98615478515625,-0.08301204520761966,-0.2962321865618229,-0.1615115814268589
1761469007875137500,1.996137451171875,-0.016828385204076767,-0.30738632552176715,-0.10077975708842277
1761469007885120500,2.00612060546875,0.04292085783779621,-0.31413229265063997,-0.10429916338622569
1761469007895103700,2.016103759765625,0.08367898468375205,-0.2566200148805976,-0.05521919839680194
1761469007905086500,2.02608642578125,0.09907762934565544,-0.20606530116349459,0.015997195076942444
1761469007915069700,2.036069580078125,0.06756371618509292,-0.19295681326538322,0.06616027912795543
1761469007925051600,2.0460517578125,-0.015661679512262345,-0.13157646189033984,0.005800210711359977
1761469007935034600,2.05603466796875,0.023281506866216658,-0.06841711814403534,-0.014422493106126784
1761469007945017600,2.066017578125,0.03697217856645584,-0.011547814452648162,0.006164952370524406
1761469007955000600,2.07600048828125,-0.002221183180809021,-0.004782558101415634,-0.02343406707942486
1761469007964983800,2.08598388671875,0.035462943047285075,-0.041941199150681494,-0.09519757304191588
1761469007974966500,2.095966552734375,0.045773909181356424,-0.05550882899314165,-0.09966039766967295
1761469007984949500,2.105949462890625,0.04474398161172866,-0.05813157871216535,-0.06123918933868408
1761469007994932700,2.1159326171875,0.0007294833183288574,-0.04901362175494432,-0.033926234999299046
1761469008004914400,2.12591455078125,-0.041003041517734526,-0.05236030183434486,-0.08412789749503136
1761469008014897700,2.135897705078125,-0.053696518874168396,-0.013405132757127285,-0.17113456529676913
1761469008024880600,2.145880615234375,-0.04206102613806724,0.007310030752420425,-0.19036708903312682
1761469008034863600,2.155863525390625,-0.02967500729560852,-0.03796761934459209,-0.14660627323985098
1761469008044846600,2.1658466796875,0.043815176329016686,-0.06814794581383467,-0.142850135576725
1761469008054829600,2.17582958984375,0.07535480845272541,-0.07837211044728755,-0.13388181622326373
1761469008064812500,2.1858125,0.06916998233795166,-0.07638327471762896,-0.12583762597739695
1761469008074795800,2.195795654296875,0.10830489189624785,-0.09100392074435949,-0.0938549262613058
1761469008084778500,2.205778564453125,0.15214461814463137,-0.09692951140105724,-0.07981412594914436
1761469008094760700,2.2157607421875,0.09891980843544006,-0.023608546863496303,-0.08990881898403168
1761469008104743700,2.22574365234375,0.08492343178689479,0.04252835138887167,-0.05089724354445934
1761469008114726700,2.2357265625,0.035112814435362814,0.09317834217399358,-0.01834405046403408
1761469008124709600,2.245709716796875,0.0027262100934982297,0.12575053221583365,-0.03768938692510128
1761469008134692600,2.255692626953125,0.029341829818487167,0.14605126970559357,-0.060467035922408104
1761469008144675800,2.26567578125,0.07449030057787895,0.09958207173645496,-0.05523205787837505
1761469008154658600,2.275658447265625,0.12495441340208052,0.0611751841917634,-0.08150923942923545
1761469008164641500,2.2856416015625,0.1033662664502859,0.025297230602800844,-0.0775818368524313
1761469008174624800,2.295624755859375,0.12401859385669231,-0.005408581045269966,-0.08989186784923076
1761469008184606500,2.3056064453125,0.17393033349514006,-0.05608633662015199,-0.0702531013995409
1761469008194589700,2.315589599609375,0.17363456541895866,-0.11580956843793391,-0.034790158352255816
1761469008204572700,2.32557275390625,0.13903203859329222,-0.0891448488742113,-0.04570376655459404
1761469008214555600,2.3355556640625,0.15632102704644202,-0.06961421897411346,-0.01159106907248497
1761469008224538600,2.34553857421875,0.1471159763276577,-0.04519406346678734,0.008298457267880439
1761469008234521600,2.355521484375,0.10759294423460959,-0.0009475099831819534,0.006669394761323929
1761469008244504600,2.365504638671875,0.08916004644334316,0.015935820278525352,0.043621699583530425
1761469008254487600,2.375487548828125,0.0939513723731041,0.029789865846931933,0.024320202264189718
1761469008264469500,2.385469482421875,0.08108312297165393,-0.01103898814767599,-0.00230009363591671
1761469008274452700,2.39545263671875,0.13111702768504618,-0.04506956030428409,-0.014227847316861152
1761469008284435500,2.405435546875,0.11060440101027488,-0.03103869686424732,-0.07101414889991282
1761469008294418700,2.415418701171875,0.0598527034163475,-0.029674715034663676,-0.09892740722000598
1761469008304401700,2.425401611328125,0.09346388111710548,-0.04129997863769531,-0.06278758782446384
1761469008314384600,2.435384521484375,0.132480717253685,-0.02170972750484943,-0.0342594124764204
1761469008324367600,2.44536767578125,0.1409673905700445,-0.06423515628427266,-0.014459902507066726
1761469008334350600,2.4553505859375,0.09955167659819125,-0.08717384106218815,0.05147182856202125
1761469008344333600,2.46533349609375,0.08232815459668635,-0.09437222813367843,0.0360153162330389
1761469008354315500,2.4753154296875,0.07016308502852917,-0.07597352487295865,-0.032903321692347526
1761469008364298500,2.485298583984375,0.06245908652245998,-0.039544659402966496,-0.07944237002730369
1761469008374281700,2.49528173828125,0.1031271969974041,0.0033627544313669204,-0.1012006128489971
1761469008384264700,2.5052646484375,0.10294716425538063,0.02872603600770235,-0.1188210252135992
1761469008394247400,2.515247314453125,0.08851181166768074,0.008495733405649662,-0.08726502647697926
1761469008404230700,2.525230712890625,0.10140928716361522,-0.017173837640881536,-0.042242227923870085
1761469008414213600,2.535213623046875,0.06781506059765816,-0.013580197063088417,-0.046994975408911704
1761469008424196600,2.545196533203125,0.09392331532239913,-0.07795037790387868,-0.08107903131842613
1761469008434178600,2.555178466796875,0.1427671334683895,-0.12328501888513564,-0.10864625267982482
1761469008444161500,2.56516162109375,0.1322235276222229,-0.10462444981783628,-0.10430442408323287
1761469008454144800,2.575144775390625,0.07528875747919082,-0.015050269615650176,-0.10745265898108482
1761469008464127500,2.58512744140625,0.021443770045042037,0.02605769358128309,-0.08662029883265494
1761469008474110700,2.59511083984375,-0.006367781466245651,0.06678308720141649,-0.07433014158010483
1761469008484093700,2.60509375,-0.014574468797445296,0.057655193372070784,-0.042350364473462104
1761469008494076700,2.61507666015625,-0.032386604341864585,-0.02785276030451059,0.004169394639134407
1761469008504059600,2.6250595703125,0.006768763482570648,-0.08147796750813723,0.041019992652535434
1761469008514041600,2.63504150390625,0.06535948413908481,-0.12560586304813623,0.031708558949828144
1761469008524024800,2.64502490234375,0.08992635464072227,-0.1404711314857006,-0.012031798577308654
1761469008534008000,2.655008056640625,0.11856208201646803,-0.12131868724822997,-0.03522796524763107
1761469008543991000,2.664990966796875,0.09552724338769912,-0.09138561353832483,-0.03788344819247722
1761469008553974300,2.674974365234375,0.09568681786358356,-0.07568214071094989,-0.06976210301220416
1761469008563957200,2.684957275390625,0.11018003811836243,-0.033632805010676385,-0.0887748465180397
1761469008573940000,2.69493994140625,0.08782733653485775,-0.0009258826732635498,-0.11089841552078723
1761469008583923200,2.704923095703125,0.047913843819499015,-0.006253507436811924,-0.06819792243540286
1761469008593906200,2.71490625,0.04828384617567062,-0.04185644347667694,-0.06724690532088279
1761469008603888000,2.72488818359375,0.03010638445019722,-0.08243453758060931,-0.04725917930305004
1761469008613871000,2.73487109375,-0.003807575589418411,-0.0914846899986267,-0.020021628287434576
1761469008623854000,2.74485400390625,0.018192659294605253,-0.09978197822272777,-0.06103869833052158
1761469008633837300,2.75483740234375,0.02995557780265808,-0.07762246112376452,-0.14109306277632713
1761469008643820000,2.764820068359375,0.051553077104687685,-0.0522694086804986,-0.14387889410257337
1761469008653803000,2.774802978515625,0.07990063518881797,-0.03390723803788424,-0.12356734295785426
1761469008663786200,2.7847861328125,0.1207470248401165,-0.04123392766416072,-0.0595388151615858
1761469008673769200,2.794769287109375,0.09925532400012016,0.010863923841714859,-0.00947042365670204
1761469008683751200,2.804751220703125,0.050047933238744735,0.008892916029691696,0.01225683950483799
1761469008693734100,2.814734130859375,0.051695700445771216,0.002998597294092178,-0.03371756068468094
1761469008703717000,2.824717041015625,0.03291442760825157,-0.015519932954013346,-0.05958090073764324
1761469008713700000,2.8347001953125,-0.0011006547182798386,-0.043211657477915284,-0.07119184355437755
1761469008723683000,2.84468310546875,-0.018680735072493553,-0.08734715180248022,-0.09544482580125331
1761469008733666300,2.854666259765625,-0.02844926489293575,-0.11097995632439851,-0.04700432775914669
1761469008743649300,2.864649169921875,0.016970424023270606,-0.097401805087924,-0.0744312638670206
1761469008753632000,2.874632080078125,0.09959200860857963,-0.12424158895760774,-0.15442600708007811
1761469008763615200,2.884615234375,0.11779109764397144,-0.11047580619454384,-0.1791781710207462
1761469008773597200,2.89459716796875,0.1373117906719446,-0.045398353867232795,-0.15341186160147188
1761469008783580200,2.904580078125,0.11139876625835896,0.042186698344349856,-0.12422843721508979
1761469008793563100,2.914563232421875,0.08594283796250819,0.08569996911734343,-0.031193595165014264
1761469008803546000,2.924546142578125,0.0383943203240633,0.04825608138591051,-0.018149989196658133
1761469008813529000,2.934529052734375,-0.02081716257929802,-0.012801321645081043,0.0065951604813337325
1761469008823512000,2.944511962890625,0.07850713500380516,0.0025800796210765837,-0.10768705225884914
1761469008833495000,2.9544951171875,0.0383680168390274,0.044097792662680144,-0.1408119077473879
1761469008843478300,2.964478271484375,-0.014366379004716873,-0.061683425974845885,-0.1586702205210924
1761469008853460000,2.9744599609375,0.00985036288499832,-0.10477701003104448,-0.14379881460368632
1761469008863443200,2.984443115234375,0.009286299261450767,-0.07697042695581913,-0.08153729647994042
1761469008873426200,2.99442626953125,0.023652093744277954,-0.09810498492121696,-0.024376316365599632
1761469008883409000,3.004408935546875,0.045316813063621515,-0.055983753028511996,-0.0879249516904354
1761469008893392100,3.01439208984375,0.06385901644825935,-0.009053367288410663,-0.13300152625739572
1761469008903375000,3.024375,0.0740437258541584,0.0517921465575695,-0.15317980641126633
1761469008913358300,3.0343583984375,0.04736380872130394,0.06297200448065995,-0.15631927348077296
1761469008923341000,3.044341064453125,0.01322188514471054,0.044375148299336434,-0.184669169652462
1761469008933323300,3.0543232421875,-0.005468202278017998,0.04676145891398191,-0.16712942130863664
1761469008943306200,3.06430615234375,0.028847908821702,0.016894728438556193,-0.11714987713098525
1761469008953289000,3.0742890625,0.053716977140307424,0.00809884304255247,-0.12460194670259951
1761469008963272200,3.084272216796875,0.0483762006342411,0.019083762915432453,-0.07406067698895931
1761469008973255200,3.094255126953125,0.019349428114295006,0.04222264644056559,-0.06355448054373264
1761469008983238100,3.104238037109375,-0.006236848562955856,0.058959846229851245,-0.05097089330255985
1761469008993221000,3.11422119140625,0.013607669591903685,0.053926820498704904,-0.07541793681681155
1761469009003204000,3.1242041015625,0.07002922951579094,0.04672843342721462,-0.11171674616634845
1761469009013186300,3.134186279296875,0.06132452953457832,0.05084405205249786,-0.13250409812927244
1761469009023169000,3.1441689453125,0.04928337860703468,0.04722293894588947,-0.1271463704884052
1761469009033152000,3.154152099609375,0.010756371814012526,0.05675824453234672,-0.13540449574589727
1761469009043135200,3.16413525390625,0.007359130591154098,0.07131225506365299,-0.1308060620397329
1761469009053118200,3.1741181640625,0.0049801265001296995,0.10777911445647477,-0.09471592700481414
1761469009063101000,3.184100830078125,-0.036110593301057814,0.0923144188210368,-0.01982756702005863
1761469009073084200,3.194084228515625,-0.011377134060859679,0.06946282780468463,-0.044396775609254834
1761469009083067100,3.204067138671875,0.03342763782739639,0.012319675607979298,-0.12456161469221115
1761469009093050400,3.21405029296875,0.04021861314177513,0.008571721251308917,-0.19714578938782215
1761469009103032000,3.224031982421875,0.03332476197481155,0.0053068742364645,-0.2702408362150192
1761469009113015300,3.234015380859375,0.017889292433857916,0.01660685140788555,-0.24160510883927344
1761469009122998300,3.243998291015625,0.021558920857310294,0.012929331938922404,-0.17478022832274437
1761469009132981000,3.25398095703125,0.016982698982954025,-0.001576163275539875,-0.18925474387705324
1761469009142964200,3.263964111328125,-0.025308044257760048,-0.015156944860517978,-0.17425006696879863
1761469009152947200,3.273947265625,-0.029282208585739135,-0.04397855019718409,-0.11943594224154948
1761469009162930000,3.283929931640625,-0.0009562778115272521,-0.04136661413311958,-0.09681962128579616
1761469009172913200,3.2939130859375,0.006168459501862526,-0.04485241042226553,-0.13110650629103182
1761469009182895000,3.30389501953125,0.012560790887475012,-0.04242226066589355,-0.1426268482148647
1761469009192878300,3.31387841796875,0.02152326502203941,-0.046017070287466044,-0.10938508834838867
1761469009202861000,3.323861083984375,0.005763970354199409,-0.05865004962831735,-0.11012217045128345
1761469009212844000,3.333843994140625,0.008028408154845238,-0.05401917495727539,-0.109335988509655
1761469009222827300,3.3438271484375,0.01234393326640129,-0.030320027200877665,-0.09321955096721649
1761469009232810000,3.35381005859375,0.03488309733271599,-0.004983633631467819,-0.06004618016183376
1761469009242793000,3.36379296875,0.025070143848657606,0.0036421558946371077,-0.07818973961770534
1761469009252776200,3.373776123046875,0.02384089431464672,0.007711305029690265,-0.03310381270051002
1761469009262758100,3.383758056640625,0.017624504017829893,0.014035831876099109,-0.036546646630764006
1761469009272741000,3.3937412109375,-0.013786533290147781,-0.0023100305080413818,-0.05521919839680194
1761469009282724000,3.40372412109375,-0.026343817046284673,-0.01995440827012062,-0.1029261214673519
1761469009292707300,3.413707275390625,0.03764087160825729,-0.04490414060950279,-0.11007774678766727
1761469009302690000,3.42368994140625,0.06516542287170887,-0.08119856604486704,-0.09449673129618168
1761469009312673000,3.433673095703125,0.07312602648735046,-0.0743921009004116,-0.0726408733189106
1761469009322656300,3.44365625,0.1019458782583475,-0.08953940114974974,-0.020459435182809828
1761469009332639200,3.45363916015625,0.1227466742247343,-0.07018529686033725,-0.010247837769985198
1761469009342621200,3.46362109375,0.08398761224150657,-0.05021452197730541,-0.04786766659021377
1761469009352604200,3.473604248046875,0.024597850161790846,-0.045452129881083964,-0.06290098507106304
1761469009362587100,3.483587158203125,0.02315291205048561,-0.03801058170348406,-0.07837678662240505
1761469009372570000,3.493570068359375,0.07912731272876262,-0.04080079694390297,-0.11927344515621661
1761469009382553000,3.503552978515625,0.1031312886506319,-0.01831833150088787,-0.13543839801549912
1761469009392536000,3.5135361328125,0.11126198813617229,0.004981587804853916,-0.09411153137087822
1761469009402519300,3.523519287109375,0.1117845507055521,0.006970131273567676,-0.10322013597786427
1761469009412502000,3.533501953125,0.13001754201054572,-0.017865034775435922,-0.09845511353313922
1761469009422485000,3.543485107421875,0.1157879411280155,-0.026860242135822773,-0.080204586571455
1761469009432467200,3.55346728515625,0.10811024610698222,-0.022263269734382626,-0.05791910500526428
1761469009442450000,3.563449951171875,0.0900292304933071,-0.013132453295588492,-0.018587796092033385
1761469009452433200,3.57343310546875,0.07928805624842643,0.003125438544154167,0.01793839227259159
1761469009462416100,3.583416015625,0.10223989276885986,-0.006277472834289074,0.013320669344067573
1761469009472399400,3.5933994140625,0.10417349117994308,-0.02645779881477356,-0.028090952974557874
1761469009482382000,3.603382080078125,0.09046411477923393,-0.0221773450165987,-0.06879413476288318
1761469009492365000,3.613364990234375,0.09965689053833485,-0.012102817986905575,-0.08176058384180068
1761469009502348300,3.623348388671875,0.14550503399968145,0.0003077507749199867,-0.11212883409857749
1761469009512330000,3.633330078125,0.12483867806792258,0.021354045934975144,-0.1049351232022047
1761469009522313200,3.643313232421875,0.1026040499061346,0.00920037454366684,-0.07324994512796401
1761469009532295700,3.653295654296875,0.11293313621878623,0.033165187498927114,-0.0792108993589878
1761469009542278700,3.663278564453125,0.11352467237114906,0.0504892472654581,-0.07311608961522578
1761469009552262000,3.673261962890625,0.11883096208572387,0.03348872036486864,-0.06174772338271141
1761469009562244600,3.68324462890625,0.12169044317007065,0.028744448447227476,-0.09299451003968714
1761469009572227800,3.693227783203125,0.11201777493953705,0.03209814278930426,-0.035030981370806694
1761469009582210800,3.7032109375,0.1236135201871395,0.013213117316365241,-0.0646498745650053
1761469009592192800,3.71319287109375,0.10147767622470855,0.02148322527259588,-0.09344692998230457
1761469009602175700,3.72317578125,0.08005611801147461,0.017036767257750034,-0.13126374267935753
1761469009612158700,3.73315869140625,0.10482464856505394,0.011307868216931818,-0.13247779464423656
1761469009622142000,3.743141845703125,0.08982815496325493,0.011822247479856014,-0.11552373723387717
1761469009632124700,3.753124755859375,0.051233343631029125,0.04444441414326429,-0.08133154477477073
1761469009642107600,3.763107666015625,0.05578033941090107,0.05011603003889322,0.009026187020540238
1761469009652091000,3.7730908203125,0.09610241292715072,0.03856500071585178,0.057902738392353055
1761469009662073900,3.783073974609375,0.13375263688564298,0.025657880608737468,0.04992226103246212
1761469009672056600,3.793056640625,0.14257774837613105,-0.011006839443743229,-0.005223872128129005
1761469009682038800,3.803038818359375,0.13717851968109607,-0.045447161445021624,-0.05345511133372784
1761469009692021800,3.813021728515625,0.13270634270310402,-0.06236030232310295,-0.033815175840258595
1761469009702004700,3.823004638671875,0.1027647934257984,-0.0302682970136404,-0.02767769599854946
1761469009711987700,3.83298779296875,0.08224456796646118,-0.0036006548404693603,-0.031068507480621337
1761469009721970700,3.842970703125,0.07161153027117252,0.016314590463042258,-0.07861059537827968
1761469009731954000,3.852953857421875,0.10173895750939846,0.040732992404699325,-0.14718787252008914
1761469009741936600,3.8629365234375,0.11310966182947157,0.04284019381701946,-0.11913549799025058
1761469009751919900,3.872919921875,0.08057751153707504,0.042915304879844185,-0.09584814590513706
1761469009761901800,3.88290185546875,0.07831541182398796,0.01054360584616661,-0.09833061037063598
1761469009771884800,3.892884765625,0.09349602982103825,0.04506400734633207,-0.08060147693455219
1761469009781867800,3.90286767578125,0.0900081877052784,0.03550736671090126,-0.044698388904333114
1761469009791850800,3.912850830078125,0.0813327138185501,-0.0009232523247599601,-0.06150047062337398
1761469009801834000,3.922833984375,0.06086217271983623,-0.021255261735618113,-0.08548691088855266
1761469009811816700,3.932816650390625,0.06707154875397682,-0.00878857887238264,-0.059573301953077314
1761469009821799700,3.942799560546875,0.06438976232409477,0.015278233152627944,-0.06581658025681972
1761469009831783000,3.952782958984375,0.04692307921648025,0.041459553113579746,-0.10577917281091212
1761469009841765600,3.962765625,0.042459670066833495,0.04714081362038851,-0.10744213758707045
1761469009851747800,3.972747802734375,0.02993161240518093,0.0384334832906723,-0.049423079338669774
1761469009861730800,3.982730712890625,0.02904021652340889,-0.01298135438710451,-0.045913609912991524
1761469009871713500,3.992713623046875,0.04697743975222111,-0.03934358387291431,-0.071107087880373
1761469009881696800,4.00269677734375,0.06479074434041976,-0.06612170068323611,-0.08219079195261002
1761469009891679700,4.0126796875,0.08204466148018837,-0.06788783357292413,-0.09266250160634518
1761469009901662700,4.022662841796875,0.09881868614852428,-0.0451978628590703,-0.10909458096921443
1761469009911645700,4.032645751953125,0.04090075018703937,-0.04094400480687618,-0.054228433793783185
1761469009921628700,4.042628662109375,0.027287819898128507,-0.004013327294588089,-0.024168811094760892
1761469009931611000,4.05261083984375,0.032305940321087835,-0.013590426196157931,-0.08888239854574204
1761469009941593600,4.062593505859375,0.05237666844725609,-0.016621464455127716,-0.12974164767861365
1761469009951576800,4.072576904296875,0.05119418066442012,-0.02609568750411272,-0.1302881756454706
1761469009961559800,4.082559814453125,0.05708206965923309,0.00787058724462986,-0.1407709912151098
1761469009971542800,4.092542724609375,0.03236673059761524,-0.017827040852606297,-0.13964695562124252
1761469009981525800,4.10252587890625,0.0650157852679491,-0.06782850460112094,-0.06082300975322723
1761469009991508700,4.1125087890625,0.06358019950687885,-0.09075579120218753,-0.031278935360908505
1761469010001491700,4.12249169921875,0.06589198358058929,-0.12314531815350055,-0.04084522060751915
1761469010011475000,4.132474853515625,0.07737199349403381,-0.12670447193980217,-0.06447276443243026
1761469010021456600,4.14245654296875,0.08179974680840969,-0.10035539419651031,-0.06665244655907154
1761469010031440000,4.15243994140625,0.07425941443145274,-0.04091331740766763,-0.057468438628315924
1761469010041422800,4.1624228515625,0.06490589515268802,-0.031245033091306683,-0.06399754813611506
1761469010051405600,4.172405517578125,0.01854571051597595,0.0035500936970114705,-0.0188572606831789
1761469010061388800,4.182388916015625,-0.009237783944606781,0.0006996727019548416,0.020605565655231476
1761469010071371800,4.192371826171875,0.022433365604281424,-0.023861644841730593,-0.0001578209102153778
1761469010081354800,4.202354736328125,0.07430617618262768,-0.04520955329686403,-0.03720131114721298
1761469010091337700,4.212337646484375,0.10145897152423858,-0.0518204958692193,-0.07766483896076679
1761469010101320700,4.22232080078125,0.10121697946190833,-0.061195642457902426,-0.10753975274264811
1761469010111303000,4.232302978515625,0.019268764093518256,-0.059495268280804155,-0.1028653311908245
1761469010121285600,4.24228564453125,0.00021861118674278257,-0.06250263340324164,-0.07098492280542851
1761469010131268900,4.252268798828125,0.027881694138050077,-0.058174541071057316,-0.09943769482970237
1761469010141251800,4.262251953125,0.05113748204112053,-0.04423398626297712,-0.13569032694995403
1761469010151234800,4.27223486328125,0.055852235603332516,-0.0031169629767537114,-0.11754735201597213
1761469010161217800,4.2822177734375,0.0870277105897665,-0.00963087491542101,-0.06472644693255424
1761469010171200800,4.29220068359375,0.054608373022079465,0.006840075153112411,-0.07268295889496802
1761469010181183700,4.302183837890625,0.022295418438315392,-0.005262158311903476,-0.06930149976313114
1761469010191166700,4.312166748046875,0.02983224368393421,-0.025468203255534172,-0.05929214692413807
1761469010201148700,4.322148681640625,0.03969663509428501,-0.028353111042082307,-0.0475526092916727
1761469010211132000,4.3321318359375,0.08721651116013526,-0.06397913569658994,-0.03337561537921428
1761469010221114600,4.342114501953125,0.07966098121404647,-0.06869622734636067,-0.07261515435576439
1761469010231097600,4.35209765625,0.046207624423503874,-0.036678748577833174,-0.09965104531943797
1761469010241080800,4.362080810546875,0.00013385551273822782,0.004969605106115341,-0.13346388307213783
1761469010251063800,4.372063720703125,-0.018975334104895592,0.02965805616080761,-0.19218144497871398
1761469010261046500,4.382046630859375,0.006727846950292587,0.020196400332450865,-0.215747614005208
1761469010271029800,4.39202978515625,0.020391630643606183,0.010335516053438186,-0.16511223626732827
1761469010281012700,4.4020126953125,0.030223873350024223,-0.011691606837511062,-0.12729308548271656
1761469010290994700,4.41199462890625,0.03413432479202747,-0.010432254426181316,-0.08880641070008277
1761469010300977700,4.421977783203125,0.034332477712631225,-0.013479074776172637,-0.05912263557612896
1761469010310961000,4.4319609375,0.04424363087415695,-0.02910889784544706,-0.08498129945397377
1761469010320943900,4.44194384765625,0.042374329870939254,-0.058246437263488764,-0.108093879494071
1761469010330926600,4.451926513671875,0.044929859572649,-0.07189297756105661,-0.12087854226529597
1761469010340909800,4.461909912109375,0.038324177697300905,-0.0500800819426775,-0.10820610769689082
1761469010350892800,4.471892822265625,0.04047580277323723,-0.041017070043087,-0.0728892951220274
1761469010360875800,4.481875732421875,0.04807692542672157,-0.057041445387899875,-0.07700432922542094
1761469010370858800,4.491858642578125,0.030395722785592078,-0.07885667909383773,-0.07846797203719616
1761469010380840700,4.5018408203125,-0.005785013142228126,-0.0512736756414175,-0.0863829829454422
1761469010390824000,4.511823974609375,-0.005340191984176635,-0.04976560916602611,-0.09125146576464176
1761469010400806700,4.521806640625,0.001311082598567009,-0.06156593707501888,-0.0833592512100935
1761469010410789600,4.53178955078125,0.05446165802776813,-0.07160656183511019,-0.10398702869713305
1761469010420772900,4.54177294921875,0.11119885977208614,-0.06556348227858542,-0.09861059635579586
1761469010430755800,4.551755859375,0.069669164031744,-0.08612813140153884,-0.05586509508490562
1761469010440738600,4.561738525390625,0.03391279099583626,-0.08062164293974637,-0.020384616380929945
1761469010450721800,4.5717216796875,0.057069210177659986,-0.07646072386801242,0.0014624737679958342
1761469010460704800,4.581704833984375,0.05653671073615551,-0.045100832225382324,-0.004594342052936554
1761469010470687700,4.591687744140625,0.031681086421012875,-0.006836860282719135,-0.04575461995899677
1761469010480670700,4.601670654296875,0.0022281974434852597,0.011635200475156307,-0.0696557200282812
1761469010490653700,4.61165380859375,0.00577916792333126,0.009963175609707832,-0.09853227042257785
1761469010500637000,4.621636962890625,0.010827098962664603,-0.002579495099186897,-0.11847031207978724
1761469010510619600,4.63161962890625,0.006238017606735229,-0.03172258747518063,-0.10030395627021789
1761469010520602600,4.6416025390625,0.04697451714277267,-0.01803425386250019,-0.03931435777842998
1761469010530585300,4.65158544921875,0.05181669647693634,-0.035137072093784805,-0.047723289683461186
1761469010540568300,4.661568359375,0.11173720443248748,-0.08974456833302974,-0.020253098955750466
1761469010550551300,4.67155126953125,0.16479191827178,-0.0822480750977993,-0.005999532675743103
1761469010560533200,4.681533203125,0.15857786606252192,-0.06915566155165434,0.022685294538736342
1761469010570516200,4.69151611328125,0.16461539266109465,-0.0075134443700313564,0.021046879681944845
1761469010580499500,4.70149951171875,0.14642390241026879,0.015963000546395777,0.02624327928125858
1761469010590482400,4.711482421875,0.10168401245176792,0.040781799982488154,-0.00031330373287200925
1761469010600465400,4.72146533203125,0.0831669435083866,0.03261632144451141,-0.02881926724910736
1761469010610448400,4.731448486328125,0.10685820021927356,0.000863046570122242,-0.05460194328129291
1761469010620431400,4.741431396484375,0.08210486723482609,-0.0056026423126459115,-0.11922142270803451
1761469010630414600,4.75141455078125,0.05581015002727508,-0.0660959817200899,-0.21425942127406597
1761469010640397300,4.761397216796875,0.037650808480381964,-0.07192541852593422,-0.212832603341341
1761469010650380300,4.77138037109375,0.06375614059567451,-0.058437283660471434,-0.16471593042612076
1761469010660362500,4.781362548828125,0.07108487604856491,0.004461363323032856,-0.10333528679013251
1761469010670345200,4.79134521484375,0.08018763543665408,0.025938158854842186,-0.10129472087323665
1761469010680328400,4.801328369140625,0.03531038283407688,0.023259879556298255,-0.13980185392200947
1761469010690311400,4.8113115234375,0.024183424142003057,0.03515957618653774,-0.1133002159655094
1761469010700294400,4.82129443359375,0.05224632006585598,0.06605711101442575,-0.06845394302308559
1761469010710277400,4.83127734375,0.019060089778900145,0.05969955868124961,-0.04307634066045284
1761469010720260400,4.84126025390625,0.025340777483582495,-0.015547405482828616,-0.04600479532778263
1761469010730243300,4.851243408203125,0.06609481267631054,-0.06930296106785536,-0.06325403629243373
1761469010740226300,4.861226318359375,0.1406505797058344,-0.14171528632789848,-0.08142565279901028
1761469010750209300,4.871209228515625,0.17452303869128227,-0.16710633269399403,-0.10822130526602268
1761469010760191500,4.88119140625,0.20489596512317657,-0.1914861561909318,-0.09583645546734333
1761469010770174200,4.89117431640625,0.16976912216246126,-0.15685966396778822,-0.04121288487613201
1761469010780157400,4.901157470703125,0.11886135722398757,-0.11912760694473981,-0.039866730964183805
1761469010790140400,4.911140380859375,0.09743629187941551,-0.05349076716899871,-0.04965571905076503
1761469010800123400,4.921123291015625,0.035520226192474365,0.00609247165620327,-0.07785480857491493
1761469010810106400,4.9311064453125,-0.03240180191099643,0.017741116134822366,-0.125878542509675
1761469010820089300,4.94108935546875,-0.0415489849627018,0.037169746965169906,-0.1613888318300247
1761469010830072300,4.951072265625,-0.09631284080743789,0.049152445703744885,-0.16416998698115348
1761469010840055600,4.9610556640625,-0.025320319217443463,-0.021657705056667326,-0.027006664869189262
1761469010850038300,4.971038330078125,0.06732406221032142,-0.06934621568769216,0.14774550640285014
1761469010860020500,4.9810205078125,0.11922317627370357,-0.05702624781876802,0.1328548112630844
1761469010870003500,4.99100341796875,0.11793839716017246,-0.02131809783875942,-0.024719430714845655
1761469010879986200,5.000986083984375,0.10670447096228598,-0.01903729342520237,-0.15218495015501976
1761469010889969400,5.010969482421875,0.09316986660659313,-0.037494741135835646,-0.19870646283328533
1761469010899952400,5.020952392578125,0.061849430191516876,-0.039538229662179944,-0.23209318412840366
1761469010909935400,5.030935302734375,0.03266542128324509,-0.03472264607399702,-0.16086334665119648
1761469010919918300,5.04091845703125,-0.012972878819704055,-0.011654489697515964,-0.10125029720962048
1761469010929901300,5.0509013671875,-0.040188802525401114,-0.0170250768199563,-0.00419803621172905
1761469010939884500,5.060884521484375,0.0003214870393276214,-0.07392915956377982,0.049824645876884455
1761469010949867500,5.070867431640625,0.08595920457541942,-0.09128741386085748,0.01338964292705059
1761469010959850200,5.080850341796875,0.09086100514233111,-0.044076457613706585,-0.013633388555049895
1761469010969832400,5.09083251953125,0.0924041429311037,0.01523439401090145,-0.09343465502262115
1761469010979815400,5.1008154296875,0.12046060911417007,0.02391892798691988,-0.15571896950006484
1761469010989798400,5.11079833984375,0.12924129694104194,0.042999476031959055,-0.16100889260172843
1761469010999781400,5.120781494140625,0.09174889389276504,0.04468085324764252,-0.20749299587905407
1761469011009764400,5.130764404296875,0.0492214192867279,0.0755073686659336,-0.2263257066428661
1761469011019747600,5.14074755859375,-0.01549099912047386,0.0403723423987627,-0.1600029304295778
1761469011029730300,5.150730224609375,0.017052257087826726,-0.004908230307698249,-0.038137715214490886
1761469011039713300,5.16071337890625,0.08745324252545833,-0.04090513410121202,0.03036298955976963
1761469011049696500,5.170696533203125,0.09749649763405323,-0.034137539662420745,0.028194997870922087
1761469011059679200,5.18067919921875,0.09095102151334285,-0.017014847686886787,-0.04877893621623516
1761469011069661400,5.190661376953125,0.08906827650666237,0.03294716083407402,-0.12352584190368651
1761469011079644400,5.20064453125,0.09944354004859923,0.0794815329939127,-0.11660802533924579
1761469011089627400,5.21062744140625,0.07741407907009125,0.10956570561230182,-0.12772796976864337
1761469011099610400,5.2206103515625,0.06020926176905632,0.09498246898651122,-0.06438800875842571
1761469011109593300,5.23059326171875,0.010085340684652328,0.04598755193203687,-0.03262333570718765
1761469011119576600,5.24057666015625,-0.014486205992102623,-0.017111293798685073,-0.013662030127644538
1761469011129559300,5.250559326171875,-0.003933247795701027,-0.05979951192438602,0.0003752630531787872
1761469011139542300,5.260542236328125,0.05850245785117149,-0.05789338604211807,-0.027084406280517576
1761469011149525500,5.270525390625,0.1306634386986494,-0.029083763404190537,-0.05756313117444515
1761469011159508500,5.280508544921875,0.16775602877438067,0.00016366612911224363,-0.11301029310822486
1761469011169491200,5.2904912109375,0.14552783035337924,0.020930267564952372,-0.12384323728978633
1761469011179473400,5.300473388671875,0.09059270959496497,0.053634559553861615,-0.09517185407876967
1761469011189456400,5.310456298828125,0.08592004160881042,0.05221241779625416,-0.056800914630293846
1761469011199439400,5.320439453125,0.050260699206590646,0.038729835888743396,-0.06878770502209663
1761469011209422300,5.33042236328125,0.0506289479970932,-0.014605448457598685,-0.060902504730224606
1761469011219405300,5.3404052734375,0.06972001743614674,-0.04354951113015413,-0.03654956924021244
1761469011229388500,5.350388427734375,0.055067222705483435,-0.035812779398262495,-0.06959609879553318
1761469011239371300,5.360371337890625,0.1073006832897663,-0.034971067877113814,-0.0806266113758087
1761469011249354200,5.370354248046875,0.13453823430538175,-0.013703823442757128,-0.0783399617433548
1761469011259337500,5.38033740234375,0.12447276736497878,-0.007473112359642982,-0.05786006829440593
1761469011269320400,5.390320556640625,0.08592354874014854,0.005682137289643287,-0.05100596461594104
1761469011279303400,5.400303466796875,0.10052198293507099,0.0028130115941166875,-0.05313888499140739
1761469011289285400,5.410285400390625,0.12449907085001467,-0.03330167336016893,-0.06277531286478043
1761469011299268600,5.4202685546875,0.07216156536936759,-0.029504619164764878,-0.060438978871703145
1761469011309251300,5.430251220703125,0.024216741889715194,-0.017518997816741464,-0.03234802589714527
1761469011319234300,5.440234375,0.023058219504356384,0.00478314262330532,-0.05043254864215851
1761469011329217500,5.450217529296875,0.03458499116897583,-0.012220306886732578,-0.10030395627021789
1761469011339200500,5.460200439453125,0.04567746306955814,-0.03401391328275204,-0.13326631467342376
1761469011349183200,5.470183349609375,0.030353052687644957,-0.03493453525900841,-0.16716098549067973
1761469011359166500,5.48016650390625,0.04012742772698402,-0.03777852651327848,-0.16832652213871477
1761469011369149400,5.4901494140625,0.05399579408168793,-0.031123744799196718,-0.16219664108157156
1761469011379132200,5.500132080078125,0.042267362365126605,-0.055823009508848186,-0.12108721657991409
1761469011389115400,5.510115478515625,0.08924597116112709,-0.03009031009823084,-0.0936240401148796
1761469011399098400,5.520098388671875,0.1151782847970724,-0.012140227387845516,-0.08851181166768074
1761469011409080300,5.530080322265625,0.09396715446412562,-0.00889583863914013,-0.0776426271289587
1761469011419063300,5.540063232421875,0.09521803130805492,-0.019867899030447004,-0.04775836099684238
1761469011429046300,5.55004638671875,0.06482464661002159,-0.007795768442749976,-0.06805120744109153
1761469011439029500,5.560029541015625,0.015737082836031913,-0.004563654653728008,-0.0546112956315279
1761469011449012200,5.57001220703125,-0.014196283134818076,-0.02080138048827648,-0.009424830949306488
1761469011458995500,5.579995361328125,0.015286416459083556,-0.015672493167221545,-0.027380758878588676
1761469011468978400,5.589978515625,0.02262450426220894,0.020030396115779874,-0.05224573554396629
1761469011478961400,5.59996142578125,0.07552022814750671,0.012941022376716136,-0.09105506640970706
1761469011488944400,5.6099443359375,0.07266600776016711,-0.0010381108760833739,-0.11322481264173984
1761469011498927400,5.61992724609375,0.05745382558107376,-0.009357903192937373,-0.09850888954699039
1761469011508910300,5.629910400390625,0.05268178887367248,-0.021265490868687627,-0.103427641248703
1761469011518893600,5.6398935546875,0.08220715856552123,-0.03856207810640335,-0.09645078797340392
1761469011528876300,5.649876220703125,0.09176233789622783,-0.023215455892682074,-0.08139584218263625
1761469011538859300,5.659859375,0.08066694338619708,-0.0019479191973805427,-0.06319850671291351
1761469011548842200,5.66984228515625,0.04286591278016567,0.004906769002974033,-0.0517529835909605
1761469011558825200,5.6798251953125,0.0629109219431877,-0.03136544460058212,-0.027170915520191193
1761469011568808200,5.68980810546875,0.04330079706609249,-0.03051233490258455,-0.045806642407178876
1761469011578791200,5.699791259765625,0.04787234276533127,-0.046809389708936215,-0.07319909172356129
1761469011588774100,5.709774169921875,0.06627893707156181,-0.04340045804828405,-0.1020721349865198
1761469011598757400,5.71975732421875,0.07099193706810474,-0.0219748081818223,-0.1356833126872778
1761469011608740400,5.729740234375,0.054445875936746595,-0.0034700141981244084,-0.17345979337394238
1761469011618723000,5.73972314453125,0.040378772139549254,-0.011119944429397583,-0.20637714359164236
1761469011628706300,5.749706298828125,0.0024660978525876997,-0.010675123271346091,-0.12403145333826542
1761469011638689300,5.759689208984375,0.021716157245635984,-0.053416240628063674,-0.05793430257439613
1761469011648671200,5.769671142578125,0.06646306146681308,-0.039025896225869654,-0.03821954827904701
1761469011658654200,5.779654296875,0.05884089602530002,-0.03248568080216646,0.010728314763307571
1761469011668637200,5.78963720703125,0.0615647680312395,-0.03355827846974134,-0.021252631387114522
1761469011678620400,5.799620361328125,0.061767012605071066,-0.0401239205956459,-0.07878478290140628
1761469011688603100,5.80960302734375,0.08006897749304771,-0.014313187512755393,-0.07764905686974526
1761469011698586000,5.819586181640625,0.062466685307025906,0.0023828034833073613,-0.0986129344433546
1761469011708569300,5.8295693359375,0.03463116839826107,-0.01189560497701168,-0.1132177983790636
1761469011718552300,5.83955224609375,0.044803602844476695,-0.0020358897417783735,-0.0709545276671648
1761469011728535300,5.849535400390625,0.10981705002486705,-0.015467618244886397,-0.08558043439090252
1761469011738518300,5.859518310546875,0.09975742830336093,-0.05271101496815681,-0.13187982875108717
1761469011748501200,5.869501220703125,0.060978492575883864,-0.03107756756991148,-0.11195230848789214
1761469011758484500,5.879484375,0.05779051018953323,-0.011256722551584244,-0.07634381949007511
1761469011768466200,5.889466064453125,0.0287608150601387,0.0016655951246619225,-0.06422142001986503
1761469011778449400,5.899449462890625,0.009189853149652481,0.0143172791659832,-0.0980856956988573
1761469011788432400,5.909432373046875,0.033226562297344206,-0.01364975516796112,-0.118306645950675
1761469011798415000,5.9194150390625,0.045205753904581064,-0.028083061929047106,-0.11849895365238189
1761469011808398300,5.9293984375,0.02644377028942108,-0.049853579710423944,-0.09831424375772475
1761469011818381300,5.93938134765625,0.06525485472083091,-0.04120762417912483,-0.08007891436517238
1761469011828364300,5.9493642578125,0.07895487877130508,-0.03837035492658615,-0.058148822107911106
1761469011838347300,5.95934716796875,0.04671089777052402,-0.051210839538276196,-0.05927051961421966
1761469011848330200,5.969330322265625,0.024079963767528533,-0.03739098850041628,-0.08333996198773383
1761469011858313200,5.979313232421875,0.0474959106683731,-0.0032075638696551323,-0.09423954166471958
1761469011868296200,5.989296142578125,0.10575754550099373,-0.00909837547391653,-0.11445698478519915
1761469011878279200,5.999279052734375,0.08598433901667595,-0.04017535852193832,-0.1454074188441038
1761469011888262100,6.00926220703125,0.034654549273848534,-0.029094869320094585,-0.12464987749755382
1761469011898244000,6.019244140625,0.003170446729660034,-0.0428188587680459,-0.10233283174932002
1761469011908227300,6.029227294921875,-0.025244915893673895,-0.07620616458505391,-0.0933107363820076
1761469011918210300,6.039210205078125,0.0016226327657699584,-0.04463526054024696,-0.07824643824100494
1761469011928193300,6.049193359375,0.07129471940696239,-0.04675415239036083,-0.07871756288409233
1761469011938176300,6.05917626953125,0.10899228963851929,-0.049070028117299075,-0.06521686079800129
1761469011948159200,6.0691591796875,0.09089081575870514,-0.04355272600054741,-0.06133972710371017
1761469011958142200,6.07914208984375,0.03917933322191238,-0.03977934494167566,-0.06329378378093242
1761469011968125400,6.08912548828125,0.01897007340788841,-0.0004591419443488121,-0.07503565950095653
1761469011978108200,6.099108154296875,0.026068507236242294,0.016694529691338538,-0.05689210004508495
1761469011988091100,6.109091064453125,0.013735679885745047,-0.0072474869102239605,-0.05650865368545055
1761469011998074400,6.119074462890625,0.022307693397998807,-0.012162439219653605,-0.06256371594071387
1761469012008057300,6.129057373046875,0.04181377337872982,-0.03850625626593828,-0.07417173614799975
1761469012018040000,6.1390400390625,0.053662616604566574,-0.038222763149440286,-0.08471008129715919
1761469012028023300,6.149023193359375,0.07296937462091445,-0.029344460166990754,-0.1066477723389864
1761469012038005200,6.159005126953125,0.09266659325957298,-0.047259763824939724,-0.07198971593379974
1761469012047988200,6.16898828125,0.10355974319577216,-0.055360652694106095,-0.05367664512991905
1761469012057971200,6.17897119140625,0.08304653199911118,-0.03099982615858316,-0.049396191331744194
1761469012067954200,6.1889541015625,0.06573708527982235,0.0008572013512253761,-0.04432897107005119
1761469012077937400,6.1989375,0.036136312264204024,0.005123918884992599,-0.07826572746336459
1761469012087920000,6.208920166015625,0.05749415759146213,-0.008904314206540583,-0.09923837286531925
1761469012097903400,6.2189033203125,0.04375906222760677,-0.06145633922070264,-0.09928688818216323
1761469012107886300,6.22888623046875,0.030582185268402097,-0.05038491010814905,-0.12111118197739124
1761469012117869000,6.238869140625,0.06690496001541614,-0.018146774326264856,-0.12072890466153621
1761469012127852300,6.248852294921875,0.1042600004196167,-0.023479075264930725,-0.11181319227814673
1761469012137835300,6.258835205078125,0.11605331406593322,-0.029618600933253764,-0.07433189514577389
1761469012147818200,6.268818359375,0.06963175463080405,0.035094109734892846,-0.028992285728454588
1761469012157801200,6.27880126953125,0.0459539419233799,0.047074470385909076,-0.03909516206979751
1761469012167784200,6.2887841796875,0.022805706048011777,0.03439502155482769,-0.05192483302652835
1761469012177766400,6.298766357421875,0.03099894937574863,0.004549918389320374,-0.0488467407554388
1761469012187749000,6.3087490234375,0.050907764938473696,-0.03316314167231321,-0.09040741615593433
1761469012197732000,6.318732177734375,0.04584755893945694,-0.06085983463227748,-0.12199556359648704
1761469012207715300,6.32871533203125,0.08277589836418628,-0.07799450930655003,-0.12401859385669231
1761469012217698300,6.3386982421875,0.1012093806773424,-0.06050239949673414,-0.11261632535457611
1761469012227681300,6.348681396484375,0.07959843737185,-0.008623159177601336,-0.05289572388529777
1761469012237664300,6.358664306640625,0.07919920892119407,0.019129355622828005,-0.056475335937738416
1761469012247647200,6.368647216796875,0.059133741492033,-0.006617080052196979,-0.05043488672971725
1761469012257630500,6.37863037109375,0.036222236981987954,-0.016787760932743548,-0.047964697223901745
1761469012267613200,6.38861328125,0.058147068542242046,-0.03121551473587751,-0.09484510634243488
1761469012277596200,6.39859619140625,0.10382570065557956,-0.04678250170201063,-0.10006956299245356
1761469012287579400,6.408579345703125,0.14284078322649002,-0.0682879388064146,-0.09781038588881492
1761469012297562400,6.418562255859375,0.10862404084801673,-0.06110065765082836,-0.0927875892907381
1761469012307545000,6.428545166015625,0.043946693754196166,-0.04838058454841375,-0.0498182161360979
1761469012317528300,6.4385283203125,0.043674891075491905,-0.04416209007054567,-0.05376081628203392
1761469012327510300,6.44851025390625,0.07121873156130314,-0.057631227974593635,-0.08109013723433017
1761469012337493200,6.4584931640625,0.03833236100375652,-0.04471154064685106,-0.06950549790263176
1761469012347476200,6.468476318359375,0.00526420413851738,-0.02414104630500078,-0.0299678527623415
1761469012357459200,6.478459228515625,0.033409517648816105,-0.0228004453510046,-0.008153495839238167
1761469012367442400,6.4884423828125,0.06808686327636242,-0.052414954631030554,-0.041838323298096655
1761469012377425200,6.498425048828125,0.033628713357448575,-0.0663821051850915,-0.08385024959743022
1761469012387408400,6.508408447265625,0.06968494612276553,-0.04770604628771543,-0.09620236617028713
1761469012397391400,6.518391357421875,0.08014438081681728,-0.04813508535474539,-0.11591069072484969
1761469012407374000,6.5283740234375,0.08219897525906562,-0.03530161500573158,-0.1473860254406929
1761469012417357300,6.538357421875,0.07303308750689029,-0.01777414162158966,-0.18093349025547503
1761469012427340300,6.54834033203125,0.05482113898992538,-0.023470015175640582,-0.1394423729598522
1761469012437323300,6.5583232421875,0.044186932250857354,-0.024556933629512785,-0.10450140796005725
1761469012447306200,6.56830615234375,0.051794484645128244,-0.030340485467016697,-0.07308978613018989
1761469012457289200,6.578289306640625,0.06368892057836055,-0.04978811325877905,-0.07886018622517585
1761469012467272200,6.588272216796875,0.06201660345196724,-0.021719664376974104,-0.11798106725811958
1761469012477254100,6.598254150390625,0.049963762086629865,0.0000865092396736145,-0.08113163828849793
1761469012487237000,6.608237060546875,0.06799743142724037,-0.001352291391789913,-0.04061258089542389
1761469012497220400,6.618220458984375,0.05845043540298939,-0.010917407594621181,-0.015461188504099844
1761469012507203300,6.628203369140625,0.04676292021870613,0.00016717326045036316,-0.03328969066143036
1761469012517186000,6.63818603515625,0.047939562782645224,0.0026610359027981756,-0.05629179606437683
1761469012527169300,6.648169189453125,0.04535129985511303,-0.012900690366327763,-0.06844985136985779
1761469012537155600,6.658155517578125,0.052715106621384615,-0.006178396373987197,-0.09128829064369201
1761469012547138800,6.668138916015625,0.04571721055805683,0.024198037189245222,-0.10681553012132644
1761469012557121500,6.67812158203125,0.023283260431885718,0.02952157029956579,-0.043780105015635486
1761469012567104500,6.6881044921875,0.017993921852111815,0.0027419921845197675,-0.01864040306210518
1761469012577087700,6.698087646484375,0.013428805893659591,-0.03485240993350744,-0.0586456657141447
1761469012587070700,6.70807080078125,0.033278000223636625,-0.05300415269583463,-0.08639350433945656
1761469012597053400,6.718053466796875,0.0945394013941288,-0.05869885720610618,-0.13615560637414453
1761469012607036700,6.72803662109375,0.1270773969054222,-0.061823711228370666,-0.1307020171433687
1761469012617019600,6.73801953125,0.11139818173646926,-0.06139262633472681,-0.1102548569202423
1761469012627002600,6.748002685546875,0.06498948178291321,-0.03313917627483606,-0.1180892038077116
1761469012636984600,6.757984619140625,0.030313889721035957,0.008581365862488746,-0.09675415483415126
1761469012646967600,6.767967529296875,0.049235447812080384,0.02617401343733072,-0.07084346850812434
1761469012656950800,6.77795068359375,0.04955167415440082,0.015372633437812328,-0.08760989439189433
1761469012666933500,6.78793359375,0.044648120021820066,-0.007182897241413593,-0.10308218881189822
1761469012676916500,6.79791650390625,0.06846797154843806,-0.03421878820508718,-0.08383680559396743
1761469012686899700,6.807899658203125,0.08001929313242435,-0.05628565858453512,-0.08649579567015171
1761469012696882700,6.817882568359375,0.04401449829339981,-0.07095481992810965,-0.05519172586798667
1761469012706865700,6.82786572265625,0.0448164623260498,-0.06892682123184203,-0.03604337328374386
1761469012716848600,6.8378486328125,0.0691769966006279,0.017541209648549556,-0.06123451316356659
1761469012726831600,6.84783154296875,0.10539981810450554,0.03730710960924625,-0.0819604903280735
1761469012736814800,6.85781494140625,0.08318447916507721,0.023035423150658606,-0.07804185557961464
1761469012746797600,6.867797607421875,0.04946750300228595,0.025968553993105888,-0.09355798914134501
1761469012756780500,6.877780517578125,0.06383154391944408,0.02391132920235395,-0.0664320818066597
1761469012766763800,6.887763671875,0.04636427628993988,-0.013866905049979686,-0.05136252296864986
1761469012776746500,6.89774658203125,0.04631576097309589,-0.034092823737859726,-0.05556055918037891
1761469012786729500,6.9077294921875,0.09076923520565032,-0.02752864291667938,-0.056472413328289985
1761469012796712700,6.917712646484375,0.08780687826871872,-0.02779839976876974,-0.053126610031723975
1761469012806694700,6.927694580078125,0.08490823421776295,-0.05892857430875301,-0.05394377163350582
1761469012816677600,6.937677734375,0.12042086162567138,-0.0796118813753128,-0.08299626311659812
1761469012826660600,6.94766064453125,0.07556231372356415,-0.053574353799223894,-0.08134557330012321
1761469012836643600,6.9576435546875,0.06028992578983307,-0.04789776946753263,-0.06856383313834667
1761469012846626600,6.96762646484375,0.08874971207678317,-0.030186756210029125,-0.054500236472487446
1761469012856609500,6.977609619140625,0.03182254071831703,-0.029784605149924752,-0.09393266767263411
1761469012866592800,6.9875927734375,0.03988777375221252,-0.02154606137573719,-0.11136778659820556
1761469012876575700,6.99757568359375,0.04489537278115749,-0.043779812754690645,-0.1107119530379772
1761469012886558500,7.007558349609375,0.04080313503146171,-0.05723726022094488,-0.09285013313293457
1761469012896541700,7.017541748046875,0.061578796556591986,-0.036220191155374046,-0.0842564923107624
1761469012906524700,7.027524658203125,0.07210135961472988,-0.051805590561032296,-0.05535539199709892
1761469012916507600,7.037507568359375,0.1354343063622713,-0.05785597664117813,-0.07489420520365238
1761469012926490600,7.04749072265625,0.1133352872788906,-0.03753974932134151,-0.09945639953017234
1761469012936473600,7.0574736328125,0.04887421328425407,-0.004112696015834808,-0.061865796804428094
1761469012946456600,7.06745654296875,0.05880524019002914,0.00882043531537056,-0.05018938753604889
1761469012956439800,7.077439697265625,0.07391630008220672,0.006259644916653633,-0.03111936088502407
1761469012966422500,7.087422607421875,0.01956570121347904,-0.005589490570127964,-0.08675883052051067
1761469012976405500,7.097405517578125,0.002882277438044548,-0.03957914619445801,-0.12966332174539566
1761469012986388700,7.107388671875,0.0646492900431156,-0.06080518183559179,-0.11282324610352515
1761469012996370400,7.117370361328125,0.1203852057904005,-0.07742723081260919,-0.07576338925361632
1761469013006353700,7.127353759765625,0.06412614295184611,-0.060332303626835344,-0.07346095753014087
1761469013016336600,7.137336669921875,0.04226034810245037,-0.020010230110585687,-0.0660527271002531
1761469013026319600,7.147319580078125,0.05483282942771911,0.022091128037869927,-0.045806642407178876
1761469013036302600,7.157302490234375,0.03542085747122765,0.0272837282449007,-0.08347732463181018
1761469013046285600,7.16728564453125,0.01746785215139389,-0.0056941199883818626,-0.06411152990460395
1761469013056268800,7.177268798828125,0.045887306427955625,-0.016961363933980463,-0.07095511218905448
1761469013066251500,7.18725146484375,0.06323883872330188,-0.0069195701301097865,-0.08766659301519393
1761469013076234500,7.197234375,0.052293081817030906,-0.02274929968565702,-0.07774959463477134
1761469013086217700,7.2072177734375,0.0654033232808113,-0.034062428599596024,-0.08220657404363155
1761469013096200700,7.21720068359375,0.09566986672878265,-0.05389993249177932,-0.071342065680027
1761469013106183400,7.227183349609375,0.08273498183190822,-0.04018500313311815,-0.04736848489642143
1761469013116166700,7.237166748046875,0.06331073491573333,-0.041183366520702834,-0.05610825619101524
1761469013126149600,7.247149658203125,0.05879705688357353,-0.029641105026006698,-0.0688718761742115
1761469013136132600,7.257132568359375,0.025515549528598785,-0.024672961224615573,-0.065277066552639
1761469013146115600,7.267115478515625,0.04084638965129852,-0.010525193406641483,-0.05383855769336223
1761469013156098600,7.2770986328125,0.030269466057419776,-0.01923515408486128,-0.04814882161915302
1761469013166081800,7.287081787109375,0.03877075242102146,-0.03982230730056763,-0.08442249652743339
1761469013176063500,7.2970634765625,0.05403554157018661,-0.008936462910473347,-0.08573474816977977
1761469013186046700,7.307046630859375,0.06459785211682319,-0.004411386701464653,-0.09532792142331599
1761469013196029700,7.31702978515625,0.07429740835428238,-0.006933890916407108,-0.09224982915222645
1761469013206012700,7.3270126953125,0.05128361251354217,-0.03623655776828527,-0.1019330187767744
1761469013215995600,7.33699560546875,0.055066638183593745,-0.049313773745298384,-0.07693418659865855
1761469013225978600,7.346978515625,0.07987842335700988,-0.03720569506138563,-0.03706920920014381
1761469013235961600,7.356961669921875,0.056720250609517096,-0.027623335462808606,-0.061982701182365416
1761469013245944800,7.36694482421875,0.05845335801243782,-0.008913082034885883,-0.07242109308838844
1761469013255927600,7.376927490234375,0.06601882483065127,0.006312836408615112,-0.08988251549899577
1761469013265910500,7.38691064453125,0.06396247682273387,-0.004063303916156291,-0.09483633851408958
1761469013275893800,7.396893798828125,0.09124211341440677,-0.008662322144210338,-0.09502513908445835
1761469013285876500,7.40687646484375,0.08312778054177761,-0.01487666661441326,-0.09876841726601124
1761469013295859500,7.416859375,0.05848959836959838,-0.02816080334037542,-0.05199672921895981
1761469013305842700,7.4268427734375,0.05931026710271835,-0.037954467602074146,-0.03969137439727783
1761469013315825700,7.43682568359375,0.05937865616381168,-0.05787234325408935,-0.06362813030183315
1761469013325808600,7.44680859375,0.08518471307158469,-0.06776245362758636,-0.08232932364046573
1761469013335791600,7.45679150390625,0.10281097065508366,-0.05878653548955917,-0.09458382505774497
1761469013345774600,7.466774658203125,0.08803191919624805,-0.03139379391223192,-0.07503682854473591
1761469013355757800,7.4767578125,0.048986441487073894,-0.00613338818848133,-0.085467621666193
1761469013365740500,7.486740478515625,0.026862287962436674,0.03177928609848022,-0.0476531470566988
1761469013375722800,7.49672265625,0.04582651615142822,0.0279831086859107,-0.048454526567459105
1761469013385705700,7.506705810546875,0.04265197776854038,-0.008524082717299462,-0.09131868578195572
1761469013395688400,7.5166884765625,0.06406359910964965,-0.03314677505940199,-0.05786182186007499
1761469013405671700,7.526671630859375,0.062439212778210636,-0.03782295017689466,-0.03143266461789608
1761469013415654700,7.536654541015625,0.07286123807132244,-0.07604249845594167,-0.021168460234999655
1761469013425637600,7.5466376953125,0.07417173614799975,-0.09262187733501195,-0.03891045315265655
1761469013435620600,7.55662060546875,0.06707096423208714,-0.06717559365034104,-0.037113048341870306
1761469013445603600,7.566603515625,0.08008300601840018,-0.04490004895627498,-0.06328676951825618
1761469013455586600,7.576586669921875,0.08007190010249614,-0.04483136763423681,-0.11532499979138373
1761469013465569800,7.58656982421875,0.10534428852498531,-0.050562897023558616,-0.12199556359648704
1761469013475552500,7.596552490234375,0.06117664549648762,-0.03146159845143556,-0.09506722466051577
1761469013485535700,7.60653564453125,0.03680675887167453,-0.024851532661914824,-0.07666589105129241
1761469013495518700,7.616518798828125,0.02259878529906273,-0.044509003812074656,-0.07724456772208213
1761469013505501700,7.626501708984375,0.025197569620609282,-0.07683218752890825,-0.09885609554946422
1761469013515484700,7.636484619140625,0.04335340403616428,-0.055793783414363855,-0.09111936381757259
1761469013525467600,7.646467529296875,0.07525017903447151,-0.04009381771832704,-0.06597498568892479
1761469013535446500,7.656446533203125,0.08498714467287063,-0.05362871433496475,-0.04978139125704765
1761469013545429500,7.666429443359375,0.044456981363892555,-0.03294832987785339,-0.0435574021756649
1761469013555412200,7.676412109375,0.03181903358697891,-0.0147027713522315,-0.03685761227607727
1761469013565395500,7.6863955078125,0.04783434884250164,-0.00006137479841709136,-0.03663374039232731
1761469013575378400,7.69637841796875,0.05832300963103771,-0.0007388356685638427,-0.07331658062338829
1761469013585360400,7.7063603515625,0.06439385397732257,-0.022581541903316973,-0.1100672253936529
1761469013595343400,7.71634326171875,0.07094517531692981,-0.008069909209012984,-0.10972644913196564
1761469013605326300,7.726326416015625,0.06725333506166935,0.004715922605991363,-0.08926526038348674
1761469013615309600,7.7363095703125,0.03899520882666111,-0.01118365731537342,-0.08372866904437541
1761469013625292300,7.746292236328125,0.034758009648323054,-0.02752484352439642,-0.07556698989868163
1761469013635275300,7.756275146484375,0.0742354490339756,-0.044857378858327863,-0.09901333193778991
1761469013645258500,7.766258544921875,0.07695113773345946,-0.06734072108417749,-0.10884557464420795
1761469013655241500,7.776241455078125,0.08990472733080386,-0.053363049136102195,-0.09858604643642901
1761469013665224200,7.78622412109375,0.08383797463774681,-0.04107201510071754,-0.10183072744607925
1761469013675207400,7.79620751953125,0.0856593448460102,-0.018323884458839892,-0.0806622672110796
1761469013685190400,7.8061904296875,0.06345803443193436,0.004562193349003791,-0.07027180610001087
1761469013695173400,7.81617333984375,0.03509761686623096,0.017341303162276743,-0.05148761065304279
1761469013705156400,7.82615625,0.03329904301166534,0.01572539239823818,-0.029394436788558957
1761469013715139300,7.836139404296875,0.07111410214304924,0.05272212088406086,-0.06678221041858196
1761469013725122600,7.84612255859375,0.0823830996543169,0.06562368803322315,-0.06927402723431587
1761469013735105300,7.856105224609375,0.07613339160978794,0.04461100288182497,-0.07947802586257458
1761469013745088300,7.866088134765625,0.06422668071687221,0.0077896309629082675,-0.1080459486991167
1761469013755071500,7.876071533203125,0.07211012744307517,-0.012158639827370643,-0.07947042707800865
1761469013765054500,7.886054443359375,0.06745031893849372,-0.03906564371436834,-0.09668342768549919
1761469013775037200,7.896037109375,0.05586041890978813,-0.05047317291349172,-0.0837596487045288
1761469013785020400,7.9060205078125,0.06209902103841304,-0.01933393828421831,-0.0529249499797821
1761469013795002400,7.91600244140625,0.0756686967074871,0.010713409455120563,-0.0696563045501709
1761469013804985300,7.9259853515625,0.08595394387841224,0.014121464332938193,-0.07262041505277156
1761469013814968300,7.93596826171875,0.08690963716804981,0.03439297572821379,-0.053636313119530675
1761469013824951300,7.945951416015625,0.07762567599415779,0.0064107438251376145,-0.08654080385565757
1761469013834934500,7.9559345703125,0.06171615920066833,0.009107143302261828,-0.09558628009855746
1761469013844917200,7.965917236328125,0.08818974010646342,0.006381517730653286,-0.07839139966964721
1761469013854900500,7.975900390625,0.08099369112253188,-0.023837971705198288,-0.07619827353954314
1761469013864883500,7.985883544921875,0.06801905873715877,-0.05286474422514438,-0.07403320446014404
1761469013874866400,7.995866455078125,0.05858370639383793,-0.07216478023976088,-0.08446282853782176
1761469013884849400,8.005849365234376,0.029077041402459144,-0.08681786723136901,-0.056874564388394354
1761469013894831400,8.015831298828125,0.03027940292954445,-0.05181757325977087,-0.07906184627711772
1761469013904814600,8.025814697265625,0.06161211430430412,-0.008890285681188105,-0.08336392738521099
1761469013914797300,8.03579736328125,0.06879881093800068,-0.003967442326247692,-0.11920914774835109
1761469013924780300,8.0457802734375,0.014517770174145697,-0.04183277034014463,-0.09773147543370724
1761469013934763500,8.055763427734375,0.013435820156335829,-0.06578238572627305,-0.09976970326304435
1761469013944746500,8.06574658203125,0.044758010137081146,-0.06948270154893398,-0.07931669782102108
1761469013954729200,8.075729248046875,0.04907996498942375,-0.06253595115095377,-0.0569119737893343
1761469013964712400,8.08571240234375,0.027936639195680617,-0.04120382478684187,-0.08041501445174216
1761469013974695400,8.0956953125,0.019448796835541723,0.0014960837766528129,-0.08149930255711078
1761469013984678100,8.10567822265625,0.06864274359345436,0.011074351722002029,-0.09318623321950435
1761469013994661400,8.115661376953126,0.05494739571809768,-0.009556640635430812,-0.08834230031967162
1761469014004644400,8.125644287109376,0.03275836026370525,-0.03275923704653978,-0.0910012903958559
1761469014014627600,8.135627685546876,-0.007938391783833503,-0.06586801818311214,-0.09108312346041202
1761469014024610300,8.1456103515625,-0.0027536826223134993,-0.08899345770478248,-0.06735270378291607
1761469014034592500,8.155592529296875,0.02802197939157486,-0.07660802338421344,-0.0665273588746786
1761469014044575500,8.165575439453125,0.07293839496076107,-0.0696758860334754,-0.07499532749056816
1761469014054558200,8.17555810546875,0.08572247321009635,-0.048478491964936254,-0.08961188186407089
1761469014064541400,8.18554150390625,0.068593059232831,-0.05062924025803804,-0.06406301458775997
1761469014074524400,8.1955244140625,0.06058277125656605,-0.028394904357194897,-0.057736149653792375
1761469014084507400,8.20550732421875,0.022651976791024205,-0.009738719204068184,-0.06642448302209376
1761469014094490400,8.215490478515624,-0.006744798085093498,-0.01779810701906681,-0.08885083436369895
1761469014104473300,8.225473388671874,-0.01319090548455715,-0.0424117392718792,-0.08392448387742042
1761469014114456300,8.235456298828124,-0.02228898869752884,-0.04461158740371465,-0.07438625568151473
1761469014124439600,8.245439453125,0.0037555531412363052,-0.04079553624689579,-0.048424715951085086
1761469014134422300,8.25542236328125,0.04403612560331821,-0.059337447370588776,-0.09215338304042815
1761469014144405200,8.2654052734375,0.07285948450565338,-0.09475099831819533,-0.10960486857891082
1761469014154388500,8.275388427734375,0.0865484026402235,-0.06711275754719973,-0.12278057649433612
1761469014164371500,8.285371337890625,0.05296294390261173,-0.0679834029018879,-0.08962824847698211
1761469014174354400,8.2953544921875,0.08645897079110144,-0.07336158880889415,-0.05813946975767612
1761469014184337400,8.30533740234375,0.03696691786944866,-0.03753974932134151,-0.058875967338681216
1761469014194320400,8.3153203125,0.017137012761831282,-0.022946575823426244,-0.0852063403815031
1761469014204303400,8.325303466796875,0.014568039056658743,0.03137216660231352,-0.11960720715522766
1761469014214286300,8.335286376953125,0.026109423768520355,0.024948271034657955,-0.09201835848391056
1761469014224269300,8.345269287109375,0.05659457840323448,-0.04932224931269884,-0.13258300858438013
1761469014234252500,8.35525244140625,0.03504325633049011,-0.07098316923975945,-0.1303939741075039
1761469014244235300,8.3652353515625,0.03737725223600864,-0.06200812788456678,-0.10791852292716503
1761469014254218200,8.37521826171875,0.05041618202924728,-0.0847054051220417,-0.13778116174936295
1761469014264200400,8.385200439453126,0.050127428215742106,-0.07953384770303965,-0.14028057734966276
1761469014274183200,8.39518310546875,0.05668868642747402,-0.11005232008546591,-0.13235796765685082
1761469014284166400,8.40516650390625,0.03148176445662975,0.011588146463036537,-0.10443711055219172
1761469014294149400,8.4151494140625,0.009631751698255538,-0.007963233964145184,-0.06107903034090995
1761469014304132400,8.42513232421875,0.008163432711362838,-0.016264613841474054,-0.05825637413561344
1761469014314115300,8.435115234375,0.025400983238220213,-0.0011281272470951079,-0.08145663245916367
1761469014324098300,8.445098388671875,0.06007599077820778,-0.008317454229295253,-0.08655366333723068
1761469014334081500,8.45508154296875,0.07650222492218017,-0.021822540229558943,-0.08960779021084309
1761469014344064500,8.465064453125,0.06834989812672138,-0.006038987903296947,-0.08904606467485428
1761469014354047200,8.475047119140624,0.07454407659173011,0.044929859572649,-0.031736616000533104
1761469014364030500,8.485030517578124,0.04987725284695625,0.028285598763823507,-0.034003391888737675
1761469014374013400,8.495013427734374,0.05535714556276798,0.027322306689620015,-0.07584463779628277
1761469014383996400,8.504996337890624,0.06315057591795921,-0.024444997687637804,-0.11799509578347206
1761469014393979400,8.5149794921875,0.07981120333969592,-0.07086626486182213,-0.1304015728920698
1761469014403962400,8.52496240234375,0.05312018029093742,-0.10315466952621936,-0.08897767561376094
1761469014413945300,8.5349453125,-0.014001637345552443,-0.09419833287149668,-0.09046820643246173
1761469014423928300,8.54492822265625,-0.01637888787090778,-0.06911679084599018,-0.09602876316905021
1761469014433911300,8.554911376953125,0.04549567676186561,-0.017950374971330164,-0.1122463229984045
1761469014443894300,8.564894287109375,0.059817047581076616,-0.025244915893673895,-0.11195698466300964
1761469014453877500,8.57487744140625,0.05400806904137134,-0.010322364310920238,-0.08556699038743973
1761469014463860200,8.584860107421875,0.07040156995952129,0.016356383778154848,-0.07487491598129271
1761469014473842400,8.594842529296875,0.07824643824100494,0.021946751131117343,-0.0477314729899168
1761469014483827500,8.604827392578125,0.04749883327782154,-0.003846446295082569,-0.05196341147124767
1761469014493810400,8.614810546875,0.04806114333570003,-0.015506488950550555,-0.08576163617670536
1761469014503793400,8.62479345703125,0.06093816056549549,-0.04096417081207037,-0.10184650953710078
1761469014513776400,8.6347763671875,0.052316462692618367,-0.06813947024643421,-0.11213760192692279
1761469014523759400,8.64475927734375,0.04914660048484802,-0.07786445318609475,-0.11634206787943839
1761469014533742300,8.654742431640624,0.03783025670051574,-0.05307926375865936,-0.10081833553314208
1761469014543725600,8.6647255859375,0.037789340168237685,-0.01827858401238918,-0.045856326767802234
1761469014553708300,8.674708251953126,0.044485622936487196,0.015692951433360577,-0.06279167947769165
1761469014563691300,8.684691162109376,0.06125789403915405,0.02207359238117933,-0.06719722096025943
1761469014573674500,8.694674560546876,0.07256196286380291,-0.007347440153360366,-0.06704933692216873
1761469014583657200,8.7046572265625,0.0615782120347023,-0.046109132485091686,-0.08458499361276627
1761469014593640400,8.714640380859375,0.077768883857131,-0.047262394173443315,-0.08283318150937556
1761469014603623400,8.72462353515625,0.06993570601344108,-0.07676876690387725,-0.0704360567510128
1761469014613606400,8.7346064453125,0.04971475576162338,-0.062329030402004715,-0.05574994427263737
1761469014623589400,8.74458935546875,0.006834229934215545,-0.03237988234013319,-0.080635379204154
1761469014633571300,8.7545712890625,-0.006141571494936942,-0.04811871874183416,-0.11824117949903011
1761469014643554600,8.764554443359375,0.02929799067676067,0.035923838557302946,-0.07324117729961872
1761469014653537300,8.774537353515624,0.08013736655414104,0.017220307131111622,-0.01980067901313305
1761469014663520300,8.784520263671874,0.10457388867437839,-0.0177136436060071,-0.05483399847149849
1761469014673503500,8.79450341796875,0.07149637945890426,-0.019587328523397445,-0.08959142359793186
1761469014683486500,8.804486572265626,0.043864860689640045,-0.04135843082666397,-0.0906874021410942
1761469014693469200,8.81446923828125,0.030929975792765615,-0.06799012490361929,-0.09691431383192539
1761469014703452400,8.824452392578126,0.06787585087418556,-0.06924333983510732,-0.11001578746736049
1761469014713435400,8.834435302734375,0.09112345547080039,-0.07929302468448877,-0.09740063604414463
1761469014723418400,8.84441845703125,0.08197218076586722,-0.09538841943889856,-0.08083353212475776
1761469014733401300,8.8544013671875,0.056769934970140455,-0.08926935203671454,-0.06955342869758606
1761469014743384300,8.86438427734375,0.09012626112699508,-0.015913900707662104,-0.05544950002133846
1761469014753367600,8.874367431640625,0.04490472513139248,0.00838642781227827,0.006624971097707748
1761469014763350500,8.8843505859375,0.031741876697540285,0.02411094342768192,-0.029261750319600103
1761469014773333200,8.894333251953125,0.03393558734953403,0.018272154271602628,-0.059439446440339085
1761469014783316500,8.90431640625,0.04335866473317146,-0.01324585054218769,-0.1206897416949272
1761469014793299500,8.914299560546874,0.05572714791893959,-0.017715981693565846,-0.13135375905036925
1761469014803282200,8.9242822265625,0.04587210885882377,0.004681143553555011,-0.13912322400808333
1761469014813265400,8.934265380859374,0.05607493844330311,0.017201017908751965,-0.10998246971964835
1761469014823248400,8.944248291015626,0.06890285583436488,0.061275137434899804,-0.05472761548757553
1761469014833231400,8.9542314453125,0.07083820781111717,0.01647884111404419,-0.05485913291275501
1761469014843213300,8.96421337890625,0.06123743577301502,-0.0295648249194026,-0.062305941787362096
1761469014853196300,8.9741962890625,0.07761573912203311,-0.051178690834343434,-0.08207330305278301
1761469014863179500,8.984179443359375,0.07523498146533966,-0.04645750753134489,-0.09230652777552605
1761469014873162200,8.994162353515625,0.05719429786205291,-0.021282442003488538,-0.06499181987047195
1761469014883145200,9.004145263671875,0.09633739072680472,-0.019930735133588312,-0.07055237660706043
1761469014893128400,9.01412841796875,0.13544424323439597,-0.011568564979732037,-0.06126783091127872
1761469014903111400,9.024111328125,0.08908990381658077,0.015399229183793066,-0.048697103151679036
1761469014913094400,9.034094482421875,0.025997780087590214,-0.037900399327278136,0.006119359663128853
1761469014923077400,9.044077392578124,0.03240063286721706,-0.08867781588435172,-0.006391746863722801
1761469014933060400,9.054060302734374,0.06023731881976127,-0.10944821671247482,-0.02113864961862564
1761469014943043600,9.064043701171874,0.046882747206091875,-0.03510170851945877,-0.016543138521909712
1761469014953026300,9.0740263671875,0.04624269573688507,0.03972176953554153,-0.02396422843337059
1761469014963009300,9.08400927734375,0.07942074271738529,0.06355535732656717,-0.05975391921699047
1761469014972992500,9.093992431640626,0.10236088880002497,0.06604542057663201,-0.08792728977799415
1761469014982975500,9.1039755859375,0.11483224783837795,0.02763619494438171,-0.06835106717050075
